order_id,product_id,customer_id,amount,timestamp
ORD-ABC3A608,36,CUST-74C57224,136.99,2026-05-09 13:10:05
ORD-A7892F08,38,CUST-0DF5E92C,3452.83,2026-05-09 13:10:05
ORD-55605D06,16,CUST-CA7901F0,2518.5,2026-05-09 13:10:05
ORD-DDA8A6F6,27,CUST-9FD81A95,651.86,2026-05-09 13:10:05
ORD-7026C06E,44,CUST-9544EF0B,4549.29,2026-05-09 13:10:05
ORD-A982CAD2,42,CUST-256AB78D,2091.38,2026-05-09 13:10:05
ORD-A7740784,41,CUST-87593E9A,183.91,2026-05-09 13:10:05
ORD-8D1F84FB,19,CUST-593D0611,228.71,2026-05-09 13:10:05
ORD-1F56CB7B,27,CUST-01D42C52,3911.4,2026-05-09 13:10:05
ORD-6F92C817,38,CUST-CE7D60A7,1266.27,2026-05-09 13:10:05
ORD-69A9942F,10,CUST-B3CF0738,3450.13,2026-05-09 13:10:05
ORD-30F56905,5,CUST-B6F786C9,4469.87,2026-05-09 13:10:05
ORD-0601EC94,46,CUST-605BEF6C,1060.68,2026-05-09 13:10:05
ORD-5524C7A6,50,CUST-222356D0,167.02,2026-05-09 13:10:05
ORD-FF0403D1,50,CUST-3D7A5463,2813.14,2026-05-09 13:10:05
ORD-9333B134,20,CUST-1349E3AD,677.19,2026-05-09 13:10:05
ORD-9662067D,18,CUST-A8B2CEB9,194.93,2026-05-09 13:10:05
ORD-FD533BE7,34,CUST-5D0C1A7E,2930.77,2026-05-09 13:10:05
ORD-63741AF6,46,CUST-5EC18C7E,2798.14,2026-05-09 13:10:05
ORD-5AF5393D,23,CUST-A2C9D72B,2242.44,2026-05-09 13:10:05
ORD-6383B581,34,CUST-77E192F1,4654.55,2026-05-09 13:10:05
ORD-24C72261,4,CUST-B4245551,2231.31,2026-05-09 13:10:05
ORD-815B7856,26,CUST-B4EA8838,3748.17,2026-05-09 13:10:05
ORD-306A88C2,13,CUST-CDCBB182,282.11,2026-05-09 13:10:05
ORD-70A2F577,41,CUST-D601CDDC,4652.23,2026-05-09 13:10:05
ORD-A9665CB3,35,CUST-257AFDDD,4129.35,2026-05-09 13:10:05
ORD-BB236442,30,CUST-D56EF786,3398.11,2026-05-09 13:10:05
ORD-F53044DB,46,CUST-52DE1DC0,2177.49,2026-05-09 13:10:05
ORD-7C6E29E3,43,CUST-877A51CA,503.49,2026-05-09 13:10:05
ORD-C9C9B43E,20,CUST-BEEA935D,150.09,2026-05-09 13:10:05
ORD-FC032DE7,50,CUST-AFD541A0,627.41,2026-05-09 13:10:05
ORD-BAC57CA2,6,CUST-A4B68781,3256.75,2026-05-09 13:10:05
ORD-4A07884C,44,CUST-2912C415,2261.98,2026-05-09 13:10:05
ORD-1A0AB150,7,CUST-C685F2E2,3293.53,2026-05-09 13:10:05
ORD-8A8797FF,49,CUST-8B819AC5,1596.98,2026-05-09 13:10:05
ORD-EDDABC4A,45,CUST-28C7E15A,4762.87,2026-05-09 13:10:05
ORD-EC902384,19,CUST-16389B87,1314.97,2026-05-09 13:10:05
ORD-EB43640F,39,CUST-73597DF3,956.04,2026-05-09 13:10:05
ORD-F789C592,14,CUST-3DC2D320,2236.34,2026-05-09 13:10:05
ORD-2F2117F1,47,CUST-806E0AA2,4674.46,2026-05-09 13:10:05
ORD-9F086F49,3,CUST-C1C9F2C0,937.2,2026-05-09 13:10:05
ORD-CFD1946A,7,CUST-18EB4ED5,2388.42,2026-05-09 13:10:05
ORD-FFCC6A7C,14,CUST-A923BDB0,971.29,2026-05-09 13:10:05
ORD-8E4E6019,9,CUST-C1910CB7,4565.3,2026-05-09 13:10:05
ORD-0944CE99,36,CUST-417EC919,4466.36,2026-05-09 13:10:05
ORD-12C745CA,36,CUST-C8C336A6,353.59,2026-05-09 13:10:05
ORD-1468E3AC,1,CUST-41AC01B5,487.73,2026-05-09 13:10:05
ORD-952FCBA0,18,CUST-14D53A39,232.25,2026-05-09 13:10:05
ORD-360505A2,5,CUST-3D777688,1475.11,2026-05-09 13:10:05
ORD-F6091C53,9,CUST-00B1487D,862.23,2026-05-09 13:10:05
ORD-BFEB12FC,14,CUST-08904CB4,4722.32,2026-05-09 13:10:05
ORD-4770C427,1,CUST-113AC0AD,460.5,2026-05-09 13:10:05
ORD-579CFBC1,29,CUST-55A1ED8D,3930.81,2026-05-09 13:10:05
ORD-66E693CB,1,CUST-EB506F04,1775.49,2026-05-09 13:10:05
ORD-32D593C8,2,CUST-D6FB4F1D,2413.37,2026-05-09 13:10:05
ORD-D615A62E,6,CUST-ABE50296,4459.29,2026-05-09 13:10:05
ORD-2A757E19,45,CUST-8137FD54,747.1,2026-05-09 13:10:05
ORD-8B32D5C6,47,CUST-D9DC6792,1490.22,2026-05-09 13:10:05
ORD-0E48F246,5,CUST-CDA89062,2263.4,2026-05-09 13:10:05
ORD-B3B4FE24,3,CUST-18E0EA92,3695.97,2026-05-09 13:10:05
ORD-00579C21,42,CUST-032729E1,2042.82,2026-05-09 13:10:05
ORD-B032C5D9,17,CUST-821A879E,169.64,2026-05-09 13:10:05
ORD-30ECE911,13,CUST-CB2BF5F3,3238.42,2026-05-09 13:10:05
ORD-F234516C,12,CUST-DB047036,3458.99,2026-05-09 13:10:05
ORD-63A01427,44,CUST-2627453E,1652.51,2026-05-09 13:10:05
ORD-CE671C76,1,CUST-2A4605F0,1586.04,2026-05-09 13:10:05
ORD-0792CAC2,23,CUST-14090924,1773.21,2026-05-09 13:10:05
ORD-D4FDD094,5,CUST-5C91E73C,1361.28,2026-05-09 13:10:05
ORD-99433CDD,45,CUST-D499F3AE,2267.75,2026-05-09 13:10:05
ORD-8EA38C3B,5,CUST-93FF5C45,1448.67,2026-05-09 13:10:05
ORD-A059783C,11,CUST-62E0EC49,2018.26,2026-05-09 13:10:05
ORD-9E87E285,3,CUST-88ED3C04,3402.1,2026-05-09 13:10:05
ORD-87D0B040,33,CUST-D760DBF6,101.39,2026-05-09 13:10:05
ORD-65EC1E64,32,CUST-CDCAECC6,2264.68,2026-05-09 13:10:05
ORD-C38E2E7A,36,CUST-45D6DC72,876.91,2026-05-09 13:10:05
ORD-E80F26C0,31,CUST-612295A9,3694.19,2026-05-09 13:10:05
ORD-E3E9DA49,27,CUST-245EAA61,1239.74,2026-05-09 13:10:05
ORD-3182ACEE,23,CUST-782921F1,2205.01,2026-05-09 13:10:05
ORD-7CFA103F,3,CUST-5633D5CC,2352.23,2026-05-09 13:10:05
ORD-47761169,13,CUST-3ABA5AD5,1187.15,2026-05-09 13:10:05
ORD-11EFFE1E,4,CUST-9FD40240,712.51,2026-05-09 13:10:05
ORD-058C2998,22,CUST-E1FEE826,1080.33,2026-05-09 13:10:05
ORD-36CBD36A,3,CUST-A486C8E0,790.2,2026-05-09 13:10:05
ORD-01582978,35,CUST-3D77FB94,593.41,2026-05-09 13:10:05
ORD-8C12C843,13,CUST-BB1652AD,3256.32,2026-05-09 13:10:05
ORD-2C1E65C5,24,CUST-8305B1A9,2599.56,2026-05-09 13:10:05
ORD-7FAE763D,31,CUST-7640FEF2,4520.52,2026-05-09 13:10:05
ORD-21A6BF35,19,CUST-1268169E,1335.76,2026-05-09 13:10:05
ORD-C5A9FC19,18,CUST-AAAD2560,4858.84,2026-05-09 13:10:05
ORD-7A97B5AF,48,CUST-B58FF81E,3032.08,2026-05-09 13:10:05
ORD-55994FB9,43,CUST-CBD6A697,377.98,2026-05-09 13:10:05
ORD-6432AAFE,24,CUST-10373E18,3160.33,2026-05-09 13:10:05
ORD-128297D0,24,CUST-3041044D,1092.21,2026-05-09 13:10:05
ORD-7B73AE79,41,CUST-885D6263,4229.43,2026-05-09 13:10:05
ORD-7B9D9F24,22,CUST-D041AE90,2464.51,2026-05-09 13:10:05
ORD-61018E0F,17,CUST-94295E92,2201.15,2026-05-09 13:10:05
ORD-2D531CFB,20,CUST-646030FA,164.02,2026-05-09 13:10:05
ORD-2C75CD5E,10,CUST-4D103D9D,528.29,2026-05-09 13:10:05
ORD-F972C137,36,CUST-2A0E1769,2044.67,2026-05-09 13:10:05
ORD-1021DE9E,42,CUST-2DD0A1B7,804.5,2026-05-09 13:10:05
ORD-0CD78EEF,28,CUST-029B89ED,3998.21,2026-05-09 13:10:05
ORD-F2284467,34,CUST-4CF8B959,832.4,2026-05-09 13:10:05
ORD-4B81E026,42,CUST-C054D519,4482.12,2026-05-09 13:10:05
ORD-FD7D735A,47,CUST-E4F1BB69,2957.03,2026-05-09 13:10:05
ORD-00F7597F,24,CUST-10CB5B7E,1978.35,2026-05-09 13:10:05
ORD-A32F7169,28,CUST-60F9F479,1788.7,2026-05-09 13:10:05
ORD-922DF11E,40,CUST-D646F78B,4501.9,2026-05-09 13:10:05
ORD-D4CF018B,46,CUST-93A81F4C,1645.88,2026-05-09 13:10:05
ORD-0CF0D541,20,CUST-172014E0,2673.58,2026-05-09 13:10:05
ORD-DA3AA7B8,50,CUST-EFCE1D1F,2415.74,2026-05-09 13:10:05
ORD-583E8EE3,14,CUST-89FF14EC,4832.58,2026-05-09 13:10:05
ORD-25958FEF,6,CUST-D45AC3E1,235.92,2026-05-09 13:10:05
ORD-45F86667,19,CUST-B3BC59F5,3631.34,2026-05-09 13:10:05
ORD-B598A049,31,CUST-D06CCD85,3315.59,2026-05-09 13:10:05
ORD-E244A89B,3,CUST-79BE5B92,198.68,2026-05-09 13:10:05
ORD-8F5AB3B5,40,CUST-7B0FB847,2073.97,2026-05-09 13:10:05
ORD-C51D6E53,23,CUST-34FCFBE2,3574.94,2026-05-09 13:10:05
ORD-58060F54,12,CUST-15AA555F,3785.13,2026-05-09 13:10:05
ORD-0DCE6C98,12,CUST-1072DBA0,1521.43,2026-05-09 13:10:05
ORD-8CE00915,14,CUST-AB6CB923,4650.57,2026-05-09 13:10:05
ORD-C0DE4570,38,CUST-99D5DB9C,2432.96,2026-05-09 13:10:05
ORD-844ED008,42,CUST-747613B1,2160.94,2026-05-09 13:10:05
ORD-D588A251,50,CUST-C6C1D364,1732.1,2026-05-09 13:10:05
ORD-5B932DAD,26,CUST-47B6227B,2417.5,2026-05-09 13:10:05
ORD-3EF0F8B4,21,CUST-54A154EF,1945.43,2026-05-09 13:10:05
ORD-7D2C01B7,2,CUST-2591E960,2918.84,2026-05-09 13:10:05
ORD-FA606EDC,2,CUST-C6F8E385,1528.65,2026-05-09 13:10:05
ORD-F6697740,35,CUST-EA5D38C4,4290.84,2026-05-09 13:10:05
ORD-763B4BC2,1,CUST-F0480E74,2680.02,2026-05-09 13:10:05
ORD-B30A3280,4,CUST-6D2D7C36,4952.84,2026-05-09 13:10:05
ORD-26CC3B96,50,CUST-81AD913D,4963.27,2026-05-09 13:10:05
ORD-D1B6111C,46,CUST-2B07B8AE,4619.99,2026-05-09 13:10:05
ORD-10547CAD,44,CUST-37D0BCEA,3818.8,2026-05-09 13:10:05
ORD-7A6D8273,26,CUST-5092E323,4145.15,2026-05-09 13:10:05
ORD-494FD96E,42,CUST-FCD88E89,1365.49,2026-05-09 13:10:05
ORD-86237AE3,41,CUST-DA0F16C1,4614.47,2026-05-09 13:10:05
ORD-9D11B1BD,24,CUST-99DA5904,364.21,2026-05-09 13:10:05
ORD-96023EE4,16,CUST-954C04D7,236.72,2026-05-09 13:10:05
ORD-5D717BA4,5,CUST-5EF6A63C,2013.24,2026-05-09 13:10:05
ORD-969BE957,47,CUST-15C166CA,505.61,2026-05-09 13:10:05
ORD-8FF37248,6,CUST-B98BF449,166.95,2026-05-09 13:10:05
ORD-1BBADC58,14,CUST-C7F53361,4164.58,2026-05-09 13:10:05
ORD-6CD27AB8,48,CUST-38F7D7CA,4544.53,2026-05-09 13:10:05
ORD-2B01FD16,29,CUST-C2D75905,1371.61,2026-05-09 13:10:05
ORD-9D4E8712,29,CUST-8507A3AC,120.69,2026-05-09 13:10:05
ORD-66125203,37,CUST-1F890D76,2835.65,2026-05-09 13:10:05
ORD-49255DB5,7,CUST-405DD5F5,3642.18,2026-05-09 13:10:05
ORD-1AB663C2,25,CUST-383D29D9,3317.47,2026-05-09 13:10:05
ORD-6124AC96,38,CUST-555C2B6E,1540.58,2026-05-09 13:10:05
ORD-E2D18FF8,50,CUST-04E873BB,4587.39,2026-05-09 13:10:05
ORD-7ED7D56D,10,CUST-4F9ADA5F,654.28,2026-05-09 13:10:05
ORD-9441E41B,17,CUST-E3ABF6C6,2707.42,2026-05-09 13:10:05
ORD-2A7329C7,31,CUST-8D5F90FA,3870.82,2026-05-09 13:10:05
ORD-9F18E8BA,17,CUST-40E8728E,2434.02,2026-05-09 13:10:05
ORD-0CBDB946,36,CUST-30382A21,1521.56,2026-05-09 13:10:05
ORD-17912140,13,CUST-04AC1B3D,3553.03,2026-05-09 13:10:05
ORD-4D45E4D8,30,CUST-B4578FD8,2501.1,2026-05-09 13:10:05
ORD-3DD340A3,9,CUST-07B875EF,926.47,2026-05-09 13:10:05
ORD-CFE71E5B,12,CUST-8618182D,4438.68,2026-05-09 13:10:05
ORD-2B29B48B,14,CUST-D9AB1B5D,1259.95,2026-05-09 13:10:05
ORD-656168CF,30,CUST-1AEFDB07,230.57,2026-05-09 13:10:05
ORD-36BE1523,13,CUST-0834B8CE,3029.73,2026-05-09 13:10:05
ORD-FAFA49C5,31,CUST-4CD3FD56,3218.18,2026-05-09 13:10:05
ORD-34FB19BD,33,CUST-05ACFB1F,2602.52,2026-05-09 13:10:05
ORD-6E2DB7C1,23,CUST-29DED2CA,1785.36,2026-05-09 13:10:05
ORD-4E55EC65,6,CUST-0E3F321A,3259.06,2026-05-09 13:10:05
ORD-89F32305,46,CUST-9A431835,4283.84,2026-05-09 13:10:05
ORD-EA954A1C,11,CUST-1BB4D68A,2815.94,2026-05-09 13:10:05
ORD-BDB709CD,35,CUST-FA971517,747.36,2026-05-09 13:10:05
ORD-DD5B0EC6,31,CUST-BC26582A,2046.25,2026-05-09 13:10:05
ORD-F11F2106,5,CUST-BC6A6B21,4377.65,2026-05-09 13:10:05
ORD-D5E5A263,38,CUST-527073B2,1729.43,2026-05-09 13:10:05
ORD-03CFAF0A,28,CUST-652FC8CC,2371.37,2026-05-09 13:10:05
ORD-2A8C0E64,48,CUST-4E387724,705.59,2026-05-09 13:10:05
ORD-B0DEF8AA,21,CUST-DE771A53,656.8,2026-05-09 13:10:05
ORD-18387948,5,CUST-5621EDB8,1571.48,2026-05-09 13:10:05
ORD-3D80BB73,13,CUST-452ED04E,653.66,2026-05-09 13:10:05
ORD-2F643958,28,CUST-D24FF71B,224.94,2026-05-09 13:10:05
ORD-6A0773F4,26,CUST-9063E99F,3307.69,2026-05-09 13:10:05
ORD-65F9017B,22,CUST-744D4D15,1808.8,2026-05-09 13:10:05
ORD-1D6CBB18,34,CUST-3CFECE6F,4608.81,2026-05-09 13:10:05
ORD-05DE35E4,13,CUST-0D2E2F90,3232.52,2026-05-09 13:10:05
ORD-B4D8855D,25,CUST-537C85D6,3790.13,2026-05-09 13:10:05
ORD-56BF16D8,10,CUST-CE8D573C,3250.91,2026-05-09 13:10:05
ORD-D182F207,49,CUST-A6D787C7,3466.79,2026-05-09 13:10:05
ORD-D3D9F34C,31,CUST-F82CE3BD,3114.18,2026-05-09 13:10:05
ORD-1E71EF9F,33,CUST-4BE2233F,2315.98,2026-05-09 13:10:05
ORD-E5BDE7F6,38,CUST-A18627E8,975.78,2026-05-09 13:10:05
ORD-DF6B5847,30,CUST-BC1B5801,4001.28,2026-05-09 13:10:05
ORD-AE44A088,19,CUST-E07F364E,490.21,2026-05-09 13:10:05
ORD-8E7D7F07,17,CUST-A412F6F2,2545.4,2026-05-09 13:10:05
ORD-796F3008,43,CUST-7FD565BA,1478.37,2026-05-09 13:10:05
ORD-28652EE1,3,CUST-E5C17FC6,1945.98,2026-05-09 13:10:05
ORD-7FA7F78C,43,CUST-BFF395A1,2355.77,2026-05-09 13:10:05
ORD-C05EFCE3,50,CUST-BFD2FC24,4344.75,2026-05-09 13:10:05
ORD-D5F5471F,45,CUST-9579D37A,2465.38,2026-05-09 13:10:05
ORD-38678B20,39,CUST-7039261B,4219.18,2026-05-09 13:10:05
ORD-71F14A79,34,CUST-34EBBD89,2459.12,2026-05-09 13:10:05
ORD-563D6277,25,CUST-2E41B078,1819.86,2026-05-09 13:10:05
ORD-5C471E30,2,CUST-4331B4D1,408.64,2026-05-09 13:10:05
ORD-047AA457,4,CUST-B75AA308,1309.11,2026-05-09 13:10:05
ORD-1EE8C7C0,3,CUST-BD17297B,2176.52,2026-05-09 13:10:05
ORD-470B4135,5,CUST-B307E2BA,2830.45,2026-05-09 13:10:05
ORD-FD9C19A3,28,CUST-F4BE1BB0,1809.51,2026-05-09 13:10:05
ORD-B14A6BB5,31,CUST-5100268F,4909.88,2026-05-09 13:10:05
ORD-1D3CF332,32,CUST-DFB3EB74,648.28,2026-05-09 13:10:05
ORD-5FC43166,38,CUST-A99230B4,2575.44,2026-05-09 13:10:05
ORD-4CA0FA3A,37,CUST-2227BD02,3494.27,2026-05-09 13:10:05
ORD-584E3AEA,42,CUST-5EE11B6B,481.71,2026-05-09 13:10:05
ORD-055FEC67,26,CUST-D488B47D,2076.67,2026-05-09 13:10:05
ORD-8EFBEA5B,22,CUST-55E8289E,1052.34,2026-05-09 13:10:05
ORD-D1D681BA,50,CUST-70B5C813,2764.6,2026-05-09 13:10:05
ORD-CDC28515,48,CUST-1FF19D55,3906.77,2026-05-09 13:10:05
ORD-F1C01FC7,4,CUST-C91355E1,1777.98,2026-05-09 13:10:05
ORD-4340CAE9,34,CUST-77AD9ADD,4611.74,2026-05-09 13:10:05
ORD-0E0BEDC5,50,CUST-45EF356E,631.63,2026-05-09 13:10:05
ORD-B4C27372,50,CUST-02A03D54,2338.02,2026-05-09 13:10:05
ORD-90ED830F,33,CUST-D7D6C59E,1834.04,2026-05-09 13:10:05
ORD-DB4CB0B0,13,CUST-0D24813B,2070.15,2026-05-09 13:10:05
ORD-85D80211,12,CUST-6D55B9E4,3165.46,2026-05-09 13:10:05
ORD-8D194256,13,CUST-3CF176FE,4923.12,2026-05-09 13:10:05
ORD-56D51C3D,45,CUST-C568B103,2778.36,2026-05-09 13:10:05
ORD-D8072EFF,17,CUST-D36CD5EC,2921.95,2026-05-09 13:10:05
ORD-C3FBB00B,12,CUST-11EAB694,1377.83,2026-05-09 13:10:05
ORD-5913330A,49,CUST-7BF48AB9,3344.13,2026-05-09 13:10:05
ORD-F640ECB0,9,CUST-0139C492,4421.43,2026-05-09 13:10:05
ORD-C091F1E3,16,CUST-A82C4AB4,162.56,2026-05-09 13:10:05
ORD-5496C6E5,26,CUST-7AB93D0B,877.83,2026-05-09 13:10:05
ORD-E62BA2B1,20,CUST-DE20B8ED,952.62,2026-05-09 13:10:05
ORD-346D8D59,32,CUST-4988C0DD,2640.01,2026-05-09 13:10:05
ORD-0FE19060,19,CUST-18DD3F46,4176.72,2026-05-09 13:10:05
ORD-A74C4BBE,17,CUST-B9A9CB2D,1580.88,2026-05-09 13:10:05
ORD-2B1EEF53,47,CUST-4D6C6564,92.33,2026-05-09 13:10:05
ORD-1B3DE7EA,22,CUST-3CC710B9,3565.7,2026-05-09 13:10:05
ORD-C800B538,35,CUST-F3979459,730.3,2026-05-09 13:10:05
ORD-B145E4EA,27,CUST-4D675510,2166.34,2026-05-09 13:10:05
ORD-DC87620F,10,CUST-CAC49CA8,2963.34,2026-05-09 13:10:05
ORD-6E79FAAF,6,CUST-964D2150,1492.32,2026-05-09 13:10:05
ORD-8C4E758E,24,CUST-0CF130D4,3720.6,2026-05-09 13:10:05
ORD-49A38AAB,19,CUST-38149434,4461.66,2026-05-09 13:10:05
ORD-7797D5F0,3,CUST-CCC969F5,4227.22,2026-05-09 13:10:05
ORD-A7AE7B76,15,CUST-17EB4AED,2200.26,2026-05-09 13:10:05
ORD-66CF2418,47,CUST-A68E8067,292.64,2026-05-09 13:10:05
ORD-D9BB1BAC,1,CUST-C6555EA2,225.54,2026-05-09 13:10:05
ORD-6E470AE4,14,CUST-34C88926,3374.33,2026-05-09 13:10:05
ORD-36168151,45,CUST-DB142782,559.92,2026-05-09 13:10:05
ORD-A320A032,13,CUST-46FBF46A,3269.89,2026-05-09 13:10:05
ORD-3D381309,44,CUST-29F072B0,4327.25,2026-05-09 13:10:05
ORD-A373FF6F,46,CUST-16FE52DE,1657.87,2026-05-09 13:10:05
ORD-2CC3CAF2,39,CUST-99F50241,3256.56,2026-05-09 13:10:05
ORD-3AD802C7,26,CUST-6E5A00E8,1880.82,2026-05-09 13:10:05
ORD-D0D2F3B6,3,CUST-38224E7F,203.71,2026-05-09 13:10:05
ORD-B9306E96,21,CUST-FDF73FCB,3469.78,2026-05-09 13:10:05
ORD-5CDE7040,19,CUST-B6623024,4926.26,2026-05-09 13:10:05
ORD-D2092B28,34,CUST-EAC92CEA,1088.08,2026-05-09 13:10:05
ORD-A76C8EEC,1,CUST-B481148A,1615.6,2026-05-09 13:10:05
ORD-B3D1907D,36,CUST-E2202F64,2165.12,2026-05-09 13:10:05
ORD-ACCCF8A5,26,CUST-FFDB6600,4048.61,2026-05-09 13:10:05
ORD-AA7C59A9,39,CUST-00EC920C,2438.1,2026-05-09 13:10:05
ORD-D9E4E28B,33,CUST-F33FD6EA,115.26,2026-05-09 13:10:05
ORD-604D0458,6,CUST-6596758F,3914.13,2026-05-09 13:10:05
ORD-F9F7B434,23,CUST-7D22D569,182.76,2026-05-09 13:10:05
ORD-E08CA260,22,CUST-6348B4BC,1505.73,2026-05-09 13:10:05
ORD-934323C9,14,CUST-0ABAF841,1023.89,2026-05-09 13:10:05
ORD-30D2E66E,30,CUST-CF3926CB,1152.73,2026-05-09 13:10:05
ORD-0D94B4DB,15,CUST-7FF7EB54,815.36,2026-05-09 13:10:05
ORD-64427915,6,CUST-ED9B5650,1211.58,2026-05-09 13:10:05
ORD-6F269261,38,CUST-94757B29,3066.75,2026-05-09 13:10:05
ORD-871E820F,36,CUST-5016AB2B,1948.5,2026-05-09 13:10:05
ORD-464E6834,6,CUST-5381E97A,1963.21,2026-05-09 13:10:05
ORD-F9C61A32,3,CUST-08FF5F32,3584.61,2026-05-09 13:10:05
ORD-11AE2E58,17,CUST-14D78BFB,3075.81,2026-05-09 13:10:05
ORD-FB4C1652,29,CUST-0D3CA904,1232.08,2026-05-09 13:10:05
ORD-5A679B50,42,CUST-53680C7B,922.96,2026-05-09 13:10:05
ORD-B6A81AAF,22,CUST-C1A9F792,1179.73,2026-05-09 13:10:05
ORD-741ECAE2,30,CUST-C3FB5E41,2165.96,2026-05-09 13:10:05
ORD-571497BC,49,CUST-E7A2109C,1466.22,2026-05-09 13:10:05
ORD-21F3ACD5,36,CUST-473B19C8,564.69,2026-05-09 13:10:05
ORD-8C17B66B,24,CUST-A227E99D,4648.16,2026-05-09 13:10:05
ORD-CAAD5025,41,CUST-5F8B9CED,4438.88,2026-05-09 13:10:05
ORD-41752982,44,CUST-38A33B0E,3169.96,2026-05-09 13:10:05
ORD-DDD39502,22,CUST-29B2F755,3906.89,2026-05-09 13:10:05
ORD-BC86EDA5,13,CUST-B8F356A8,259.16,2026-05-09 13:10:05
ORD-13A7E75A,6,CUST-BE6771D1,723.4,2026-05-09 13:10:05
ORD-AB698C68,42,CUST-1424BC7A,648.49,2026-05-09 13:10:05
ORD-F6760CBC,25,CUST-70BC8061,576.86,2026-05-09 13:10:05
ORD-CF91CF75,8,CUST-23F5DC1F,4890.61,2026-05-09 13:10:05
ORD-3CBDB9D0,34,CUST-D7886FF3,105.2,2026-05-09 13:10:05
ORD-7060A2AE,38,CUST-29E48DCB,1056.03,2026-05-09 13:10:05
ORD-CDB998EC,6,CUST-0B2A5CD3,4738.65,2026-05-09 13:10:05
ORD-71293C03,31,CUST-E3AC22AE,3304.17,2026-05-09 13:10:05
ORD-2D55EA98,9,CUST-6CB8E34C,2145.25,2026-05-09 13:10:05
ORD-1DF43362,40,CUST-852FFFF0,4967.81,2026-05-09 13:10:05
ORD-F1BBB89C,11,CUST-3311D6EC,4564.13,2026-05-09 13:10:05
ORD-8230840B,33,CUST-FFB1B87E,3183.64,2026-05-09 13:10:05
ORD-919F78C4,1,CUST-34F8F25F,4174.98,2026-05-09 13:10:05
ORD-1BD12333,24,CUST-4129E827,3631.06,2026-05-09 13:10:05
ORD-59679604,24,CUST-21EB0D9A,3130.17,2026-05-09 13:10:05
ORD-F315E4B9,30,CUST-32971A66,2124.02,2026-05-09 13:10:05
ORD-DFE25CFD,36,CUST-EFCB2454,3755.95,2026-05-09 13:10:05
ORD-7F483797,2,CUST-66EE32E6,1492.76,2026-05-09 13:10:05
ORD-2FAAD62F,43,CUST-A11C8709,4487.39,2026-05-09 13:10:05
ORD-5BC55CB3,20,CUST-E2145119,4162.27,2026-05-09 13:10:05
ORD-FA309B8D,2,CUST-ED48286C,799.75,2026-05-09 13:10:05
ORD-88BE6B6A,5,CUST-84BF6BB2,3213.6,2026-05-09 13:10:05
ORD-4C23CC51,24,CUST-03C8C876,3128.0,2026-05-09 13:10:05
ORD-AA9B492C,36,CUST-CFDC9E0E,150.03,2026-05-09 13:10:05
ORD-BC5DD5BB,49,CUST-77CAF2E3,395.39,2026-05-09 13:10:05
ORD-62F10C01,41,CUST-B3267433,3541.48,2026-05-09 13:10:05
ORD-28AC5D81,38,CUST-076390E1,4177.32,2026-05-09 13:10:05
ORD-F2F7218F,16,CUST-ADF4678E,4922.41,2026-05-09 13:10:05
ORD-F86AE406,21,CUST-E4122738,3680.01,2026-05-09 13:10:05
ORD-82D6AA86,1,CUST-4E01A5D2,3549.14,2026-05-09 13:10:05
ORD-29EF51BB,10,CUST-A28ADAB5,1285.68,2026-05-09 13:10:05
ORD-F6BCD1EC,41,CUST-B99F2414,2533.64,2026-05-09 13:10:05
ORD-E29C9753,35,CUST-D8C0CC5B,4488.01,2026-05-09 13:10:05
ORD-F3AB8262,2,CUST-90471EAE,3400.33,2026-05-09 13:10:05
ORD-ED23C1DB,33,CUST-60B49281,3931.14,2026-05-09 13:10:05
ORD-334698C3,48,CUST-A32380AC,672.84,2026-05-09 13:10:05
ORD-3A1C6B1E,10,CUST-2CCEF78C,4605.46,2026-05-09 13:10:05
ORD-50590171,46,CUST-0CEDF5A5,1274.61,2026-05-09 13:10:05
ORD-7B984927,21,CUST-C311C867,1340.65,2026-05-09 13:10:05
ORD-103CC6BE,38,CUST-FE3C2395,2851.44,2026-05-09 13:10:05
ORD-DB909ADE,29,CUST-468E908E,2477.55,2026-05-09 13:10:05
ORD-7F2CC6B7,31,CUST-248EFC3C,3606.1,2026-05-09 13:10:05
ORD-7312D382,27,CUST-5ABD9FD6,4727.08,2026-05-09 13:10:05
ORD-BD791715,27,CUST-7903BB35,4540.83,2026-05-09 13:10:05
ORD-658BF72A,36,CUST-1B3755CD,170.96,2026-05-09 13:10:05
ORD-C444C650,6,CUST-A75031D2,3491.06,2026-05-09 13:10:05
ORD-C808BDC8,10,CUST-D03C2E6E,2358.33,2026-05-09 13:10:05
ORD-BFCEE1FC,15,CUST-E2479ADF,4562.06,2026-05-09 13:10:05
ORD-8D03F28C,40,CUST-05C8CABD,3378.57,2026-05-09 13:10:05
ORD-EE456390,45,CUST-C5A83D95,226.63,2026-05-09 13:10:05
ORD-2CE59F3D,22,CUST-7FA5F0A6,2168.03,2026-05-09 13:10:05
ORD-F0F9C6B8,44,CUST-89295BAB,2968.46,2026-05-09 13:10:05
ORD-78942F37,17,CUST-0D54FC09,3037.77,2026-05-09 13:10:05
ORD-5A547C7E,3,CUST-0041DA5D,1895.18,2026-05-09 13:10:05
ORD-485152DC,33,CUST-9D5047C9,3298.51,2026-05-09 13:10:05
ORD-5DE8D09D,11,CUST-229747A0,3855.75,2026-05-09 13:10:05
ORD-9B0B6C47,9,CUST-031FEB4B,319.82,2026-05-09 13:10:05
ORD-E641FD7E,20,CUST-CDE8E6E3,2992.34,2026-05-09 13:10:05
ORD-C09A8B65,43,CUST-F5F2DAD7,3856.54,2026-05-09 13:10:05
ORD-705A81C7,20,CUST-379CBC7E,2125.23,2026-05-09 13:10:05
ORD-9B7FE50E,38,CUST-4798E5E7,1278.08,2026-05-09 13:10:05
ORD-DB6EAB23,11,CUST-23CA35DB,4134.36,2026-05-09 13:10:05
ORD-05B9CCAC,28,CUST-2C00B268,1260.89,2026-05-09 13:10:05
ORD-30E73E3A,26,CUST-C3632B9E,4227.52,2026-05-09 13:10:05
ORD-4260AAC1,3,CUST-29FA3613,2757.76,2026-05-09 13:10:05
ORD-69B7CA42,4,CUST-ADB07B7F,1355.86,2026-05-09 13:10:05
ORD-10D6B00F,26,CUST-DEF802CA,2679.69,2026-05-09 13:10:05
ORD-9C0C265F,19,CUST-6213E613,3242.08,2026-05-09 13:10:05
ORD-A7C6EA23,4,CUST-E5B1CD88,4106.21,2026-05-09 13:10:05
ORD-80B470F8,45,CUST-1B60C5B9,2065.45,2026-05-09 13:10:05
ORD-EBEEC617,8,CUST-9A0F06C0,1678.13,2026-05-09 13:10:05
ORD-DAD06075,34,CUST-C204D664,1541.15,2026-05-09 13:10:05
ORD-B54BDA14,46,CUST-E809D443,4261.29,2026-05-09 13:10:05
ORD-F50670EE,11,CUST-CB7AE76E,723.11,2026-05-09 13:10:05
ORD-0DCB2301,30,CUST-A076C3EA,4742.43,2026-05-09 13:10:05
ORD-5BD17C7B,21,CUST-3572EBAC,4965.07,2026-05-09 13:10:05
ORD-BE1BE3C7,33,CUST-788B4752,4981.91,2026-05-09 13:10:05
ORD-604AA217,36,CUST-123F7C2F,3472.21,2026-05-09 13:10:05
ORD-80942072,44,CUST-BEFDB451,3178.21,2026-05-09 13:10:05
ORD-0BC8B588,41,CUST-32AC5E98,4506.33,2026-05-09 13:10:05
ORD-65DB120C,50,CUST-13CD01F9,4105.77,2026-05-09 13:10:05
ORD-608006EC,4,CUST-0C228472,1436.35,2026-05-09 13:10:05
ORD-FD4FB754,4,CUST-1D0EA0E0,2657.1,2026-05-09 13:10:05
ORD-3A87E718,30,CUST-27D1295C,2766.33,2026-05-09 13:10:05
ORD-CF1DA681,39,CUST-D78CEC1A,2495.36,2026-05-09 13:10:05
ORD-0F4DA892,31,CUST-EE900D35,645.97,2026-05-09 13:10:05
ORD-ECA8FC99,39,CUST-3B821530,2482.28,2026-05-09 13:10:05
ORD-B36B7BA2,4,CUST-15B29CD7,258.0,2026-05-09 13:10:05
ORD-CD6A16D6,18,CUST-3FFBAE4F,4578.52,2026-05-09 13:10:05
ORD-2E76F71E,5,CUST-3D3BEE9D,2132.95,2026-05-09 13:10:05
ORD-6AF2FE5A,47,CUST-4E2508FF,4439.73,2026-05-09 13:10:05
ORD-F12D3535,16,CUST-8675662D,4262.09,2026-05-09 13:10:05
ORD-8B8DDA4C,5,CUST-2A43EA58,953.6,2026-05-09 13:10:05
ORD-C0425132,28,CUST-521D767A,4884.19,2026-05-09 13:10:05
ORD-464A5F01,49,CUST-4686AB0F,1697.27,2026-05-09 13:10:05
ORD-7D586C33,19,CUST-F83B9E8D,3372.21,2026-05-09 13:10:05
ORD-80E044FD,22,CUST-D1EE71CC,4710.06,2026-05-09 13:10:05
ORD-72D00E5A,43,CUST-755C0D7E,2445.31,2026-05-09 13:10:05
ORD-F72208D1,2,CUST-3CDB84E1,969.98,2026-05-09 13:10:05
ORD-CA90E7F4,3,CUST-860B6125,2034.07,2026-05-09 13:10:05
ORD-4E46562F,48,CUST-5E9044F1,3371.25,2026-05-09 13:10:05
ORD-EA1DC7A5,20,CUST-51C02505,4014.17,2026-05-09 13:10:05
ORD-81512AEE,38,CUST-ABF53B72,2536.62,2026-05-09 13:10:05
ORD-AFF2F45B,41,CUST-C813C426,2520.87,2026-05-09 13:10:05
ORD-BA1BDA73,25,CUST-D291BFF2,2290.98,2026-05-09 13:10:05
ORD-A94817CD,41,CUST-4D7543B6,3980.46,2026-05-09 13:10:05
ORD-D4E6097A,24,CUST-2034A847,3031.93,2026-05-09 13:10:05
ORD-DD2B6F97,4,CUST-F92625DD,2969.68,2026-05-09 13:10:05
ORD-844DC7B5,19,CUST-C57684E0,283.8,2026-05-09 13:10:05
ORD-BB69E060,33,CUST-58295CD7,1346.34,2026-05-09 13:10:05
ORD-AAD15B3F,11,CUST-91C43501,1385.93,2026-05-09 13:10:05
ORD-A04DA468,15,CUST-AAC940E9,1726.41,2026-05-09 13:10:05
ORD-4AD03430,50,CUST-A78CA856,1274.52,2026-05-09 13:10:05
ORD-BD04AE35,32,CUST-59EDF556,2180.29,2026-05-09 13:10:05
ORD-FC2D5A2E,22,CUST-11FE8282,4702.49,2026-05-09 13:10:05
ORD-523FCC97,37,CUST-11D0D256,4102.78,2026-05-09 13:10:05
ORD-51D7CF82,4,CUST-3BEF77D1,4278.47,2026-05-09 13:10:05
ORD-A54A19BD,29,CUST-11652BA6,1362.03,2026-05-09 13:10:05
ORD-1C554170,34,CUST-015F35F9,795.25,2026-05-09 13:10:05
ORD-99685965,35,CUST-17739ECE,161.36,2026-05-09 13:10:05
ORD-53DF6D95,18,CUST-BF5DE060,491.88,2026-05-09 13:10:05
ORD-69D4F096,30,CUST-7A2CFD4B,1956.69,2026-05-09 13:10:05
ORD-737AAA0F,7,CUST-8ECC39CA,3587.97,2026-05-09 13:10:05
ORD-3C113EAE,14,CUST-49562A29,681.17,2026-05-09 13:10:05
ORD-349F453F,14,CUST-56AA3C59,2148.24,2026-05-09 13:10:05
ORD-145165A1,44,CUST-83A8C657,3402.82,2026-05-09 13:10:05
ORD-CA804082,48,CUST-914FEFE1,3655.3,2026-05-09 13:10:05
ORD-FD2D2A15,45,CUST-DA324475,2308.17,2026-05-09 13:10:05
ORD-7CFD4DD6,14,CUST-D241B048,2536.58,2026-05-09 13:10:05
ORD-0E081BEF,2,CUST-D0D4A3F9,3383.43,2026-05-09 13:10:05
ORD-AC143439,14,CUST-97F2D60C,4664.7,2026-05-09 13:10:05
ORD-BA175D51,48,CUST-A8401B12,2378.44,2026-05-09 13:10:05
ORD-47F9704F,24,CUST-1FF520CF,4329.98,2026-05-09 13:10:05
ORD-6C339EDB,15,CUST-8F4BA700,1921.05,2026-05-09 13:10:05
ORD-2B51BD29,7,CUST-4A5AE36B,213.71,2026-05-09 13:10:05
ORD-EBAA6582,39,CUST-22CFDEBE,4941.47,2026-05-09 13:10:05
ORD-A4E0621D,9,CUST-C0EA1C04,3703.1,2026-05-09 13:10:05
ORD-B4F8E1AE,17,CUST-E819C2FD,4320.5,2026-05-09 13:10:05
ORD-8888CC3D,24,CUST-3166CDA7,2112.4,2026-05-09 13:10:05
ORD-984E341C,46,CUST-95F33D7C,1977.78,2026-05-09 13:10:05
ORD-F8C1903E,2,CUST-818A4BD2,4756.35,2026-05-09 13:10:05
ORD-D22B7FE8,14,CUST-33ED35B9,1676.9,2026-05-09 13:10:05
ORD-4D2654B5,24,CUST-D493A49C,1103.31,2026-05-09 13:10:05
ORD-77EE07C1,19,CUST-EDCDA42B,4556.37,2026-05-09 13:10:05
ORD-CFD95C2B,31,CUST-A2262350,2814.8,2026-05-09 13:10:05
ORD-C1815014,38,CUST-B6FCCB92,3463.68,2026-05-09 13:10:05
ORD-64B08BB1,45,CUST-2C6B556D,3645.74,2026-05-09 13:10:05
ORD-389F84DE,26,CUST-B908A5D0,904.84,2026-05-09 13:10:05
ORD-CD8D98EF,25,CUST-2C581F31,4302.44,2026-05-09 13:10:05
ORD-C42950B1,8,CUST-5410E49B,4277.34,2026-05-09 13:10:05
ORD-65E04D59,46,CUST-5C1066C5,4949.91,2026-05-09 13:10:05
ORD-13D37538,39,CUST-29FC079D,3860.49,2026-05-09 13:10:05
ORD-3EF5A64C,23,CUST-CFABD236,3305.59,2026-05-09 13:10:05
ORD-207489EC,38,CUST-B75DF6AB,2373.61,2026-05-09 13:10:05
ORD-825C3445,13,CUST-2D7A995B,3310.9,2026-05-09 13:10:05
ORD-7AA778F0,30,CUST-9EBE9D74,3788.99,2026-05-09 13:10:05
ORD-CB5F5838,44,CUST-17070418,4062.81,2026-05-09 13:10:05
ORD-CF6ACAF4,44,CUST-58E916F0,809.48,2026-05-09 13:10:05
ORD-9E569C6C,42,CUST-42446B4C,2216.67,2026-05-09 13:10:05
ORD-FA334F3F,8,CUST-97D8F813,719.05,2026-05-09 13:10:05
ORD-D42E1E30,25,CUST-FE6CFFF0,2222.01,2026-05-09 13:10:05
ORD-E5ADF21F,2,CUST-9E47FE18,1988.77,2026-05-09 13:10:05
ORD-A9F966C6,42,CUST-DAE87BCF,787.56,2026-05-09 13:10:05
ORD-1B119671,22,CUST-750CEFB9,2034.96,2026-05-09 13:10:05
ORD-0D62A7CC,33,CUST-C072803D,4950.87,2026-05-09 13:10:05
ORD-F43D9E0F,38,CUST-077A1B4E,3911.23,2026-05-09 13:10:05
ORD-B36D9A60,29,CUST-F6027E39,4809.53,2026-05-09 13:10:05
ORD-CA692AD3,18,CUST-E1AB4FCA,4776.87,2026-05-09 13:10:05
ORD-945B1894,43,CUST-93C432E4,1207.28,2026-05-09 13:10:05
ORD-15263C42,19,CUST-366051F2,2535.82,2026-05-09 13:10:05
ORD-C9BC52F5,24,CUST-1FB64032,1675.88,2026-05-09 13:10:05
ORD-02446F4D,11,CUST-B5D99818,1582.99,2026-05-09 13:10:05
ORD-BEF11618,30,CUST-1414EA3C,306.08,2026-05-09 13:10:05
ORD-7778C373,21,CUST-D48F60A9,4404.94,2026-05-09 13:10:05
ORD-9ECF0D2D,14,CUST-C6771B7A,756.15,2026-05-09 13:10:05
ORD-0CD6DA9D,8,CUST-7EC600CF,2896.3,2026-05-09 13:10:05
ORD-CA25E9F7,31,CUST-AACFA115,3923.19,2026-05-09 13:10:05
ORD-83ECA1B9,12,CUST-3AB164F5,1053.59,2026-05-09 13:10:05
ORD-D210584B,24,CUST-B31C2ED8,1768.18,2026-05-09 13:10:05
ORD-2F2D1F9F,33,CUST-522729A2,1581.07,2026-05-09 13:10:05
ORD-4B2CA75B,46,CUST-E3ACC3AE,2702.5,2026-05-09 13:10:05
ORD-91A969BB,26,CUST-8B7F1CD1,996.37,2026-05-09 13:10:05
ORD-3175DF32,43,CUST-C082868D,2462.15,2026-05-09 13:10:05
ORD-13DEE31E,42,CUST-B5533550,2844.28,2026-05-09 13:10:05
ORD-F0DFCE85,16,CUST-26BDD871,2239.32,2026-05-09 13:10:05
ORD-DD16C1CB,1,CUST-D0BBF406,2213.69,2026-05-09 13:10:05
ORD-F4F146FE,50,CUST-D9CD8029,4713.1,2026-05-09 13:10:05
ORD-1004CE05,19,CUST-0E0FDE6E,582.02,2026-05-09 13:10:05
ORD-5E54B0B4,23,CUST-97A9C1C0,2461.35,2026-05-09 13:10:05
ORD-59937480,24,CUST-24394E43,2159.66,2026-05-09 13:10:05
ORD-F4F22F23,30,CUST-FB8B842A,3279.19,2026-05-09 13:10:05
ORD-514AE02F,15,CUST-272A5E64,3198.67,2026-05-09 13:10:05
ORD-37651C89,27,CUST-88276B4E,3717.12,2026-05-09 13:10:05
ORD-F0969CE3,45,CUST-69ECA123,3381.63,2026-05-09 13:10:05
ORD-8557B2A7,18,CUST-E9A3B9ED,4279.02,2026-05-09 13:10:05
ORD-EE64E18C,12,CUST-9AC84C04,3435.86,2026-05-09 13:10:05
ORD-5947C7F3,33,CUST-FD34A755,3153.9,2026-05-09 13:10:05
ORD-FF0CB3FD,35,CUST-AEF885CE,3438.06,2026-05-09 13:10:05
ORD-A0058FAD,21,CUST-1DEDDFE6,3618.56,2026-05-09 13:10:05
ORD-73F5004A,3,CUST-F5EFE1B2,1383.1,2026-05-09 13:10:05
ORD-574E154C,43,CUST-258ACCF2,3097.61,2026-05-09 13:10:05
ORD-29DC6523,18,CUST-D79AE20E,3879.7,2026-05-09 13:10:05
ORD-7BDBF062,7,CUST-3457E418,557.78,2026-05-09 13:10:05
ORD-E97249F8,50,CUST-735821B9,1947.43,2026-05-09 13:10:05
ORD-FCFAE72D,18,CUST-FE7C4175,1996.05,2026-05-09 13:10:05
ORD-73EC7B2E,11,CUST-51405966,4830.33,2026-05-09 13:10:05
ORD-66A43B8F,45,CUST-FDF44E29,4927.08,2026-05-09 13:10:05
ORD-34642CB9,46,CUST-346B6A0E,896.6,2026-05-09 13:10:05
ORD-264D919F,13,CUST-E48F9141,3946.68,2026-05-09 13:10:05
ORD-CA8D749A,7,CUST-E9295BF7,1803.84,2026-05-09 13:10:05
ORD-EFF46DBF,12,CUST-BB42C600,4864.27,2026-05-09 13:10:05
ORD-3C018C95,38,CUST-EB1CCE8A,1234.58,2026-05-09 13:10:05
ORD-4A787045,50,CUST-FF3C0368,2698.47,2026-05-09 13:10:05
ORD-E2BFB054,49,CUST-1DB9DA22,4122.84,2026-05-09 13:10:05
ORD-2E3671EA,17,CUST-2E138E97,2802.95,2026-05-09 13:10:05
ORD-B9F98610,50,CUST-6D635B41,3429.32,2026-05-09 13:10:05
ORD-73BFE0B6,32,CUST-43B677CD,1812.07,2026-05-09 13:10:05
ORD-5F2C9008,46,CUST-3CCC8506,2051.28,2026-05-09 13:10:05
ORD-F014C7F5,12,CUST-42531116,2345.86,2026-05-09 13:10:05
ORD-84F8AAC3,41,CUST-52F334CF,4891.63,2026-05-09 13:10:05
ORD-24FEAF49,21,CUST-6A6627B9,2276.02,2026-05-09 13:10:05
ORD-95C830F2,45,CUST-E3958909,2795.54,2026-05-09 13:10:05
ORD-91A80F18,48,CUST-A744DEBD,4067.22,2026-05-09 13:10:05
ORD-DE3F369D,43,CUST-FB77035F,4927.84,2026-05-09 13:10:05
ORD-ABA658BD,34,CUST-879C8EE3,810.06,2026-05-09 13:10:05
ORD-6731FB41,28,CUST-BABF682A,4922.85,2026-05-09 13:10:05
ORD-BC7586E0,7,CUST-C26B1C45,3952.06,2026-05-09 13:10:05
ORD-ACACA9EC,5,CUST-30F590AD,4719.09,2026-05-09 13:10:05
ORD-B4325393,45,CUST-81B8ABB5,1622.33,2026-05-09 13:10:05
ORD-ACC884ED,42,CUST-FBE683DD,2466.66,2026-05-09 13:10:05
ORD-4E70B498,24,CUST-093CDA91,4340.09,2026-05-09 13:10:05
ORD-123C1EBB,8,CUST-5C9802FF,4619.75,2026-05-09 13:10:05
ORD-C4D0C9B6,48,CUST-9411EE9D,4845.0,2026-05-09 13:10:05
ORD-02E0E00A,20,CUST-C6136682,4879.21,2026-05-09 13:10:05
ORD-EC85DCD6,8,CUST-763C48CB,4050.26,2026-05-09 13:10:05
ORD-DCF2FD35,47,CUST-FF94E19C,2485.0,2026-05-09 13:10:05
ORD-1B881C54,18,CUST-8DC35D4B,1812.25,2026-05-09 13:10:05
ORD-78F03405,38,CUST-87CF5915,1290.54,2026-05-09 13:10:05
ORD-3E7B20CD,41,CUST-BE6E61A3,108.19,2026-05-09 13:10:05
ORD-0301C448,35,CUST-A8261C79,4034.9,2026-05-09 13:10:05
ORD-FCAC0D73,37,CUST-34CF7EB5,1299.65,2026-05-09 13:10:05
ORD-52574018,32,CUST-F0321010,2656.97,2026-05-09 13:10:05
ORD-FEA82C20,40,CUST-6FC3CD3D,1188.38,2026-05-09 13:10:05
ORD-5F6FF9C4,25,CUST-6E59B95D,4288.77,2026-05-09 13:10:05
ORD-395F1E75,35,CUST-1590AFC2,2207.89,2026-05-09 13:10:05
ORD-BFE62169,48,CUST-500E2775,3873.12,2026-05-09 13:10:05
ORD-80E964EB,32,CUST-4B8F1913,3175.22,2026-05-09 13:10:05
ORD-13215BBD,33,CUST-C2E73CBE,4372.66,2026-05-09 13:10:05
ORD-C368B974,2,CUST-29E4785F,65.08,2026-05-09 13:10:05
ORD-B2BFB258,45,CUST-3A9212DB,3247.37,2026-05-09 13:10:05
ORD-3AEDA7E5,12,CUST-3267E35D,2630.09,2026-05-09 13:10:05
ORD-8AC11E2F,40,CUST-0B43A0EA,884.21,2026-05-09 13:10:05
ORD-90842D91,14,CUST-6326055F,1101.51,2026-05-09 13:10:05
ORD-2CC73533,21,CUST-AB8274A1,775.82,2026-05-09 13:10:05
ORD-8B5E7AAC,48,CUST-3CA3D1A1,881.29,2026-05-09 13:10:05
ORD-E3C079FC,12,CUST-69285ED7,4345.26,2026-05-09 13:10:05
ORD-302E157E,23,CUST-EA9B1DAE,3298.37,2026-05-09 13:10:05
ORD-6C05B563,10,CUST-09554BD1,2689.8,2026-05-09 13:10:05
ORD-6218FF9C,8,CUST-07521386,569.57,2026-05-09 13:10:05
ORD-CBB90CF3,23,CUST-B8BDB8C7,1317.64,2026-05-09 13:10:05
ORD-61B8C371,48,CUST-E477DEED,2553.67,2026-05-09 13:10:05
ORD-338600C3,41,CUST-4BB591D9,3193.46,2026-05-09 13:10:05
ORD-0DE19FF3,30,CUST-3246FB34,2297.6,2026-05-09 13:10:05
ORD-8BEDC2EB,43,CUST-8829A4C5,3422.67,2026-05-09 13:10:05
ORD-769D05E7,14,CUST-B6D0AC38,1282.41,2026-05-09 13:10:05
ORD-48AEF9BD,35,CUST-FDB313E2,870.91,2026-05-09 13:10:05
ORD-7E2AD04F,22,CUST-0EF8AEDA,3089.35,2026-05-09 13:10:05
ORD-86A1BAAA,15,CUST-2B1159CF,817.07,2026-05-09 13:10:05
ORD-2346581B,29,CUST-0202912F,4660.94,2026-05-09 13:10:05
ORD-C33B49E3,1,CUST-F89DCBED,4016.13,2026-05-09 13:10:05
ORD-EDB91D1E,45,CUST-52C5E4D2,3924.06,2026-05-09 13:10:05
ORD-22CCD0C5,5,CUST-F8ED1425,1332.83,2026-05-09 13:10:05
ORD-3EA77F72,28,CUST-4BC500C6,2539.72,2026-05-09 13:10:05
ORD-47995DF6,41,CUST-6243F322,3782.63,2026-05-09 13:10:05
ORD-A4F7A99A,22,CUST-0AF29863,4355.67,2026-05-09 13:10:05
ORD-B68278D4,29,CUST-35CD3D8A,3202.66,2026-05-09 13:10:05
ORD-EA12C59F,11,CUST-108AB04B,3189.39,2026-05-09 13:10:05
ORD-152C01CF,35,CUST-F94185E3,4121.8,2026-05-09 13:10:05
ORD-58F89777,25,CUST-E06ADFD7,4104.71,2026-05-09 13:10:05
ORD-298ED2A4,48,CUST-90D61529,935.21,2026-05-09 13:10:05
ORD-DE5D3EE7,35,CUST-E9520269,1199.63,2026-05-09 13:10:05
ORD-85422C84,39,CUST-3521EFF1,2082.03,2026-05-09 13:10:05
ORD-5297E17B,23,CUST-968B93BE,1390.09,2026-05-09 13:10:05
ORD-455306B4,11,CUST-476BEEE9,1324.7,2026-05-09 13:10:05
ORD-C285049F,46,CUST-B2024D95,2327.01,2026-05-09 13:10:05
ORD-BCA44BA9,45,CUST-562A0E1A,2879.89,2026-05-09 13:10:05
ORD-C5F3716E,49,CUST-4CD9B9C3,3138.26,2026-05-09 13:10:05
ORD-24CA2ED7,18,CUST-127AFA2B,2337.86,2026-05-09 13:10:05
ORD-C647FF23,38,CUST-296487FF,3468.17,2026-05-09 13:10:05
ORD-863FBA44,49,CUST-BFCF6D91,200.8,2026-05-09 13:10:05
ORD-23021FF7,40,CUST-189C28BB,115.14,2026-05-09 13:10:05
ORD-FBA6F85F,8,CUST-64973468,3784.28,2026-05-09 13:10:05
ORD-DB2BF03C,43,CUST-73993B7A,3961.68,2026-05-09 13:10:05
ORD-D7AD2197,37,CUST-6AD6E307,4651.84,2026-05-09 13:10:05
ORD-96B4531A,35,CUST-FAE56540,271.68,2026-05-09 13:10:05
ORD-ABB5CEF6,32,CUST-15EFAA87,214.79,2026-05-09 13:10:05
ORD-82D3ADF7,48,CUST-685E6C96,4217.77,2026-05-09 13:10:05
ORD-6F10D434,31,CUST-8174045D,4919.87,2026-05-09 13:10:05
ORD-3C36D483,16,CUST-D9EAEF15,69.07,2026-05-09 13:10:05
ORD-9F6951BA,22,CUST-2A3FB9B9,4129.81,2026-05-09 13:10:05
ORD-13ABEFBE,38,CUST-CD68EE97,3340.01,2026-05-09 13:10:05
ORD-ECDE5F0D,43,CUST-578E7C24,1366.34,2026-05-09 13:10:05
ORD-329EF2EB,23,CUST-EDE853D2,4445.85,2026-05-09 13:10:05
ORD-515DE0F8,31,CUST-EE628947,4518.12,2026-05-09 13:10:05
ORD-23408B8D,4,CUST-5F195140,3815.04,2026-05-09 13:10:05
ORD-D0B5940D,8,CUST-137F33EB,2358.94,2026-05-09 13:10:05
ORD-6282F853,7,CUST-1E0DE2DE,4444.0,2026-05-09 13:10:05
ORD-3152DA86,1,CUST-6596AE14,655.43,2026-05-09 13:10:05
ORD-F16B9375,18,CUST-38DACE89,1098.29,2026-05-09 13:10:05
ORD-6BF3C9E7,17,CUST-C12E8433,2348.55,2026-05-09 13:10:05
ORD-59A6AFC7,24,CUST-F454017E,1911.75,2026-05-09 13:10:05
ORD-D9FD8DED,48,CUST-3C91473B,3160.23,2026-05-09 13:10:05
ORD-17CE145C,22,CUST-6C5596AD,4788.99,2026-05-09 13:10:05
ORD-39830052,37,CUST-D0943836,3823.75,2026-05-09 13:10:05
ORD-7FBF1D86,21,CUST-A71B9E51,4988.29,2026-05-09 13:10:05
ORD-76D8DBBD,38,CUST-043F571C,1072.21,2026-05-09 13:10:05
ORD-3FC0269D,45,CUST-BF1A8A74,2724.61,2026-05-09 13:10:05
ORD-295CEEC3,32,CUST-89BE84B6,1124.54,2026-05-09 13:10:05
ORD-6EC2E401,44,CUST-50BE317D,606.39,2026-05-09 13:10:05
ORD-7B7C3065,48,CUST-EC41C91F,4884.45,2026-05-09 13:10:05
ORD-0B92F719,28,CUST-5E173E53,3769.74,2026-05-09 13:10:05
ORD-98F78BB3,12,CUST-ED8064FE,521.88,2026-05-09 13:10:05
ORD-B8108D06,35,CUST-F0EE6159,1010.3,2026-05-09 13:10:05
ORD-85116114,38,CUST-5EBE27E4,2933.69,2026-05-09 13:10:05
ORD-2FE23854,41,CUST-4CA54C95,2717.28,2026-05-09 13:10:05
ORD-2448C4F8,28,CUST-1BAD6EDD,4754.01,2026-05-09 13:10:05
ORD-041B6069,9,CUST-9D3089FF,3038.24,2026-05-09 13:10:05
ORD-66D84908,33,CUST-5D452C2C,2598.13,2026-05-09 13:10:05
ORD-5871656C,26,CUST-DF5ABDDF,397.39,2026-05-09 13:10:05
ORD-5AF2DED7,40,CUST-027ACA27,1104.53,2026-05-09 13:10:05
ORD-DF36251F,19,CUST-478CD084,385.03,2026-05-09 13:10:05
ORD-1CE49A4E,1,CUST-BF5EB8C6,1174.38,2026-05-09 13:10:05
ORD-9A958076,30,CUST-43CA021E,4751.8,2026-05-09 13:10:05
ORD-D6AF7DC4,12,CUST-EC18724D,1727.55,2026-05-09 13:10:05
ORD-8E62C4A9,32,CUST-B9596E5E,1317.73,2026-05-09 13:10:05
ORD-5938156A,48,CUST-F0B8EE14,1384.82,2026-05-09 13:10:05
ORD-8D18F898,39,CUST-267E413A,3805.95,2026-05-09 13:10:05
ORD-903D5154,41,CUST-8E08761C,2277.98,2026-05-09 13:10:05
ORD-D0085802,2,CUST-5B9BA503,2831.8,2026-05-09 13:10:05
ORD-D6B19555,17,CUST-53299EE0,3617.18,2026-05-09 13:10:05
ORD-CD78CD49,31,CUST-A12CAFFA,1888.15,2026-05-09 13:10:05
ORD-1827137C,29,CUST-F170968F,1451.82,2026-05-09 13:10:05
ORD-AE8DC948,30,CUST-3C3D23B1,3339.65,2026-05-09 13:10:05
ORD-A952002D,15,CUST-DE2E420F,713.87,2026-05-09 13:10:05
ORD-2B9EC955,44,CUST-5C256695,313.56,2026-05-09 13:10:05
ORD-6409EAEA,26,CUST-00941004,3998.12,2026-05-09 13:10:05
ORD-690837BC,50,CUST-61E483C1,1152.72,2026-05-09 13:10:05
ORD-8C879B38,46,CUST-997B6603,3496.73,2026-05-09 13:10:05
ORD-46E70F97,23,CUST-04836957,2971.16,2026-05-09 13:10:05
ORD-2ABA85C8,35,CUST-0B92B4F9,1355.4,2026-05-09 13:10:05
ORD-147899FA,10,CUST-58EF95D3,4881.84,2026-05-09 13:10:05
ORD-EF5C05B2,5,CUST-2CD1C670,2605.95,2026-05-09 13:10:05
ORD-EFCE0A08,38,CUST-70010046,2718.31,2026-05-09 13:10:05
ORD-3322B7CA,38,CUST-0EC03713,313.28,2026-05-09 13:10:05
ORD-2718DAC0,15,CUST-F928A9C0,1140.79,2026-05-09 13:10:05
ORD-BC575790,42,CUST-B2A2FA92,1881.63,2026-05-09 13:10:05
ORD-0DE27F28,45,CUST-1DEFE151,2412.99,2026-05-09 13:10:05
ORD-C438B881,4,CUST-8141702A,4741.54,2026-05-09 13:10:05
ORD-9020C6E4,44,CUST-9988AC55,426.09,2026-05-09 13:10:05
ORD-F5E0A5BA,16,CUST-CEE6FF96,3970.83,2026-05-09 13:10:05
ORD-DB11BD76,23,CUST-37BAAE07,4611.89,2026-05-09 13:10:05
ORD-409EDCF7,46,CUST-524B33DE,846.64,2026-05-09 13:10:05
ORD-9E759D55,30,CUST-9CB87A0C,4240.5,2026-05-09 13:10:05
ORD-2CD7AAC8,41,CUST-63B83D8C,769.71,2026-05-09 13:10:05
ORD-F2D7E480,2,CUST-01827C50,502.59,2026-05-09 13:10:05
ORD-A74F129C,17,CUST-8F34A978,437.04,2026-05-09 13:10:05
ORD-FA26C735,1,CUST-5C9994B9,3462.57,2026-05-09 13:10:05
ORD-F410379D,29,CUST-5CC606AC,1747.08,2026-05-09 13:10:05
ORD-FCE011FF,23,CUST-D2E84FD1,2253.29,2026-05-09 13:10:05
ORD-FCF25089,3,CUST-2867B034,2444.6,2026-05-09 13:10:05
ORD-9733BA74,21,CUST-42360F5E,3666.65,2026-05-09 13:10:05
ORD-4A6A3E59,26,CUST-70D0A66B,1767.39,2026-05-09 13:10:05
ORD-73A19339,46,CUST-4B3A7A91,2428.58,2026-05-09 13:10:05
ORD-4C2ABA1E,17,CUST-B14A9DE3,1009.84,2026-05-09 13:10:05
ORD-2F7FC240,46,CUST-90803F58,4908.83,2026-05-09 13:10:05
ORD-339AE834,49,CUST-6FEC7709,4553.05,2026-05-09 13:10:05
ORD-10FD458D,33,CUST-46CABA4A,549.72,2026-05-09 13:10:05
ORD-C4A5819F,28,CUST-2EC9ABBA,3040.34,2026-05-09 13:10:05
ORD-A859C60B,11,CUST-4761F364,3860.0,2026-05-09 13:10:05
ORD-DBCB8D12,24,CUST-885F671D,4625.84,2026-05-09 13:10:05
ORD-66AAB1B4,19,CUST-6086A1CF,3861.07,2026-05-09 13:10:05
ORD-30ED1547,45,CUST-D1739E81,1086.91,2026-05-09 13:10:05
ORD-46798C60,27,CUST-9FAEC18D,1217.78,2026-05-09 13:10:05
ORD-FF6C9C88,25,CUST-8B76E5A4,310.98,2026-05-09 13:10:05
ORD-CB8E9B25,20,CUST-5E6F734B,241.02,2026-05-09 13:10:05
ORD-C1ECD828,44,CUST-0ACEB795,3955.18,2026-05-09 13:10:05
ORD-9DB20C3E,32,CUST-074FA1E7,2816.44,2026-05-09 13:10:05
ORD-EB24D74B,47,CUST-68BF6BE9,801.13,2026-05-09 13:10:05
ORD-0D0D27A4,18,CUST-CDF00B39,2516.23,2026-05-09 13:10:05
ORD-F7282EF0,7,CUST-F554F761,1122.86,2026-05-09 13:10:05
ORD-7A4C769D,26,CUST-4D43A9DA,2669.99,2026-05-09 13:10:05
ORD-E71C5EF0,11,CUST-DA094E58,4019.31,2026-05-09 13:10:05
ORD-FD762E39,34,CUST-0A07A32E,2406.63,2026-05-09 13:10:05
ORD-2D16AF78,31,CUST-A7F8C132,1618.58,2026-05-09 13:10:05
ORD-4314E855,22,CUST-C963A9CB,2347.7,2026-05-09 13:10:05
ORD-05A6E5D3,34,CUST-7107A3D0,953.32,2026-05-09 13:10:05
ORD-329B3CC2,12,CUST-8A224E24,4791.5,2026-05-09 13:10:05
ORD-0C376FDF,38,CUST-52C672D1,4257.38,2026-05-09 13:10:05
ORD-8668D289,9,CUST-58C127F7,3446.75,2026-05-09 13:10:05
ORD-BC1875D1,47,CUST-9D054119,3875.79,2026-05-09 13:10:05
ORD-2232FF53,49,CUST-5D440A3D,3067.12,2026-05-09 13:10:05
ORD-2DDDD3B3,40,CUST-CC020E4A,1673.8,2026-05-09 13:10:05
ORD-7186EBFF,49,CUST-0D95DD60,1850.25,2026-05-09 13:10:05
ORD-80C0E804,35,CUST-75FCE328,3958.87,2026-05-09 13:10:05
ORD-C60B6352,37,CUST-1D454FE1,4558.68,2026-05-09 13:10:05
ORD-2BEDA9AE,9,CUST-8956EB1D,2022.39,2026-05-09 13:10:05
ORD-9AA3911A,24,CUST-63CF89AA,2310.84,2026-05-09 13:10:05
ORD-5D063A65,47,CUST-D557C476,924.9,2026-05-09 13:10:05
ORD-CF11AF05,14,CUST-8D513FE5,2611.44,2026-05-09 13:10:05
ORD-30836C3B,26,CUST-0AE4B105,2390.8,2026-05-09 13:10:05
ORD-4AA990A8,9,CUST-4105EBBB,2025.0,2026-05-09 13:10:05
ORD-F3E55276,30,CUST-F5158702,3065.31,2026-05-09 13:10:05
ORD-60CB0079,21,CUST-2C6AAB87,4165.96,2026-05-09 13:10:05
ORD-F96C689B,47,CUST-1F8DBF17,389.36,2026-05-09 13:10:05
ORD-CC5E92CC,48,CUST-4F518F4E,1967.22,2026-05-09 13:10:05
ORD-A4DA4FA8,37,CUST-2F84AC03,2199.39,2026-05-09 13:10:05
ORD-786D2A1F,50,CUST-6231F184,1488.59,2026-05-09 13:10:05
ORD-696A0D33,37,CUST-1AD29878,503.06,2026-05-09 13:10:05
ORD-98FB9C8E,37,CUST-B4833638,3491.0,2026-05-09 13:10:05
ORD-A01744CC,47,CUST-94DB6FC6,343.71,2026-05-09 13:10:05
ORD-0DE14F66,25,CUST-C4AEED50,725.6,2026-05-09 13:10:05
ORD-3E4893C0,24,CUST-07EE71AB,4446.99,2026-05-09 13:10:05
ORD-F27763D3,3,CUST-BF8AA074,2467.53,2026-05-09 13:10:05
ORD-26BAEB70,26,CUST-D7B415D4,3755.85,2026-05-09 13:10:05
ORD-67BFA845,29,CUST-64EB16B2,2217.9,2026-05-09 13:10:05
ORD-44EF920C,8,CUST-645F67ED,2852.97,2026-05-09 13:10:05
ORD-9A637DC1,32,CUST-B41678CF,3482.32,2026-05-09 13:10:05
ORD-B895AC9F,21,CUST-1E95AFA9,233.73,2026-05-09 13:10:05
ORD-1835F33A,46,CUST-AC265BDD,1692.49,2026-05-09 13:10:05
ORD-9750E3EB,38,CUST-8A2C08DA,1466.62,2026-05-09 13:10:05
ORD-CF838E8C,33,CUST-4233CF65,952.42,2026-05-09 13:10:05
ORD-B10ED7D9,49,CUST-F5551749,774.62,2026-05-09 13:10:05
ORD-6136FB93,1,CUST-E5D03E1A,3149.79,2026-05-09 13:10:05
ORD-B8A0290F,17,CUST-FDE80F3F,4567.69,2026-05-09 13:10:05
ORD-BB02F3C0,30,CUST-5C4F35A1,3387.13,2026-05-09 13:10:05
ORD-A094FD38,46,CUST-7D30BBFF,3451.92,2026-05-09 13:10:05
ORD-FFC50406,20,CUST-F506BC0B,4084.71,2026-05-09 13:10:05
ORD-C4332169,34,CUST-AFDA0E78,3978.68,2026-05-09 13:10:05
ORD-63A7999E,35,CUST-2D1CC423,119.01,2026-05-09 13:10:05
ORD-478C97D6,32,CUST-195152AD,2488.42,2026-05-09 13:10:05
ORD-805ED429,1,CUST-507D6306,2446.13,2026-05-09 13:10:05
ORD-FDC45B62,36,CUST-E42FD998,1618.39,2026-05-09 13:10:05
ORD-A1FE4B80,39,CUST-002A15D3,2616.19,2026-05-09 13:10:05
ORD-2B69F083,7,CUST-DFADCEF7,2359.44,2026-05-09 13:10:05
ORD-DC3AE8FC,22,CUST-C6263CEF,3908.52,2026-05-09 13:10:05
ORD-C88DA420,28,CUST-E02280F5,2528.64,2026-05-09 13:10:05
ORD-5072F313,26,CUST-B7AA4E55,1645.67,2026-05-09 13:10:05
ORD-4191916E,41,CUST-EE16CADE,2461.13,2026-05-09 13:10:05
ORD-F13C41F2,5,CUST-30CDAA4A,2746.28,2026-05-09 13:10:05
ORD-50EBA9B7,16,CUST-49B727BA,1840.02,2026-05-09 13:10:05
ORD-5EFC7B3A,7,CUST-44A4653A,237.07,2026-05-09 13:10:05
ORD-8FA6C7F7,27,CUST-C2AD262B,1580.43,2026-05-09 13:10:05
ORD-1AE7ECF1,20,CUST-0E9A78B4,2396.23,2026-05-09 13:10:05
ORD-43891E15,28,CUST-B242887E,4281.93,2026-05-09 13:10:05
ORD-934706DD,25,CUST-5C89FD99,3943.85,2026-05-09 13:10:05
ORD-9770EAAC,26,CUST-DDA46E3A,2991.22,2026-05-09 13:10:05
ORD-87D4C363,45,CUST-4A4E4804,736.79,2026-05-09 13:10:05
ORD-8EF2AC7B,16,CUST-B9909EF3,3696.56,2026-05-09 13:10:05
ORD-C44CFFD4,24,CUST-41538F59,3023.82,2026-05-09 13:10:05
ORD-00AA5D7B,22,CUST-BBC6F67A,602.49,2026-05-09 13:10:05
ORD-1FD742B1,15,CUST-63DCD606,329.51,2026-05-09 13:10:05
ORD-3F7E9148,43,CUST-4470FF0A,1558.83,2026-05-09 13:10:05
ORD-9D6E50DC,19,CUST-3D9F6446,2130.2,2026-05-09 13:10:05
ORD-9E760F38,29,CUST-DFFD867E,4876.02,2026-05-09 13:10:05
ORD-466983E9,14,CUST-4C5D742E,3365.88,2026-05-09 13:10:05
ORD-4C9BDBEA,32,CUST-90B98351,1699.44,2026-05-09 13:10:05
ORD-2621E8B4,27,CUST-91A8DD7C,1486.98,2026-05-09 13:10:05
ORD-B91E9071,29,CUST-D4042688,712.07,2026-05-09 13:10:05
ORD-D08DFFEA,15,CUST-848D1DB0,613.78,2026-05-09 13:10:05
ORD-EB433EA6,20,CUST-8B9847FA,3003.06,2026-05-09 13:10:05
ORD-22729EAA,5,CUST-76C8A2AE,4732.5,2026-05-09 13:10:05
ORD-C48F454B,47,CUST-7E76EF31,3532.61,2026-05-09 13:10:05
ORD-2FE98E83,33,CUST-4C44DDD0,1270.23,2026-05-09 13:10:05
ORD-5293FFBF,7,CUST-3EBA0C71,577.42,2026-05-09 13:10:05
ORD-6A617253,8,CUST-89965CF2,4481.58,2026-05-09 13:10:05
ORD-D8CEEB29,49,CUST-54BCFAA3,4236.03,2026-05-09 13:10:05
ORD-2333AAAD,5,CUST-CAE437E2,1141.82,2026-05-09 13:10:05
ORD-8CF08487,10,CUST-8014142A,3483.24,2026-05-09 13:10:05
ORD-04DA5DBC,19,CUST-3DD94EE1,4385.44,2026-05-09 13:10:05
ORD-53737F91,44,CUST-2E583DAF,3472.83,2026-05-09 13:10:05
ORD-7633AA93,49,CUST-4FC49B8B,802.11,2026-05-09 13:10:05
ORD-6387216C,35,CUST-CB48DD5E,4584.37,2026-05-09 13:10:05
ORD-341451C0,10,CUST-E6A75B15,1979.73,2026-05-09 13:10:05
ORD-13C5AAB7,20,CUST-7EB67FC9,4076.25,2026-05-09 13:10:05
ORD-7A639E70,46,CUST-2D7FCB1E,1945.98,2026-05-09 13:10:05
ORD-36F45F9C,17,CUST-7FB20A5B,1156.86,2026-05-09 13:10:05
ORD-A3EA0BC7,9,CUST-AD18A6A7,3459.35,2026-05-09 13:10:05
ORD-30600461,35,CUST-DFFBC819,2200.4,2026-05-09 13:10:05
ORD-029BD08F,38,CUST-6384509E,3875.09,2026-05-09 13:10:05
ORD-3810480D,24,CUST-C2B5B64B,903.14,2026-05-09 13:10:05
ORD-B2400EB5,30,CUST-89F6D015,961.32,2026-05-09 13:10:05
ORD-CA71A00E,20,CUST-C610D1C2,4509.86,2026-05-09 13:10:05
ORD-C1394B1C,39,CUST-0582F1B3,791.66,2026-05-09 13:10:05
ORD-1BEB8539,49,CUST-B62D6E82,3898.73,2026-05-09 13:10:05
ORD-CAEBE06D,47,CUST-D155EC42,2328.99,2026-05-09 13:10:05
ORD-E3447D3A,48,CUST-2A2A3672,2544.02,2026-05-09 13:10:05
ORD-C83E695F,12,CUST-326FB20B,178.01,2026-05-09 13:10:05
ORD-713AE9D8,25,CUST-1514BBF4,943.26,2026-05-09 13:10:05
ORD-655BC7D3,28,CUST-A12DA4B7,4922.81,2026-05-09 13:10:05
ORD-F43BB56E,2,CUST-769538C4,2513.84,2026-05-09 13:10:05
ORD-DA31A72C,10,CUST-2AC3E0F7,2663.21,2026-05-09 13:10:05
ORD-1DE93350,20,CUST-73729764,4186.06,2026-05-09 13:10:05
ORD-64DF9DD7,10,CUST-8CCDA30B,2587.18,2026-05-09 13:10:05
ORD-5239128F,21,CUST-38D1BD80,2413.65,2026-05-09 13:10:05
ORD-E6B58A36,11,CUST-E709415B,4796.41,2026-05-09 13:10:05
ORD-4C8586FC,17,CUST-19A4E756,3806.11,2026-05-09 13:10:05
ORD-BBF9D8EC,9,CUST-6BBC3562,2389.07,2026-05-09 13:10:05
ORD-BC8CC9F0,28,CUST-C230B406,2841.81,2026-05-09 13:10:05
ORD-CB5646BE,34,CUST-6B40CF66,2837.65,2026-05-09 13:10:05
ORD-46B8B758,48,CUST-7FC3D30C,2613.78,2026-05-09 13:10:05
ORD-F4FB335E,23,CUST-21074B5D,143.83,2026-05-09 13:10:05
ORD-8F10AF69,14,CUST-DFB8A841,1296.56,2026-05-09 13:10:05
ORD-DC13ED98,15,CUST-0C56F23A,2210.43,2026-05-09 13:10:05
ORD-CDFBA337,18,CUST-28BA9FE5,3676.38,2026-05-09 13:10:05
ORD-F49D07A7,19,CUST-46DAA1FE,1542.65,2026-05-09 13:10:05
ORD-E36767E6,33,CUST-D86E5F7C,1554.78,2026-05-09 13:10:05
ORD-7C1E7CB8,23,CUST-9F320302,4109.72,2026-05-09 13:10:05
ORD-8E8149BF,39,CUST-CF9239E9,98.37,2026-05-09 13:10:05
ORD-EC18AF17,30,CUST-1DA0FDC3,438.5,2026-05-09 13:10:05
ORD-28FFE656,29,CUST-E073C8D8,3917.45,2026-05-09 13:10:05
ORD-CDB927EC,26,CUST-D09C1487,2923.01,2026-05-09 13:10:05
ORD-C735A71D,35,CUST-03036271,4998.43,2026-05-09 13:10:05
ORD-FF510747,34,CUST-ACF7528C,4934.8,2026-05-09 13:10:05
ORD-A3DA8F72,22,CUST-558E6A90,409.28,2026-05-09 13:10:05
ORD-7628E8CF,47,CUST-6266FEA1,4605.18,2026-05-09 13:10:05
ORD-88399144,5,CUST-B75D8560,1039.98,2026-05-09 13:10:05
ORD-3EB49FC6,38,CUST-F1F4B884,3744.25,2026-05-09 13:10:05
ORD-76B604D9,35,CUST-9F5E21E5,3744.83,2026-05-09 13:10:05
ORD-8538F179,40,CUST-207FB4F5,1477.05,2026-05-09 13:10:05
ORD-2D41CD96,42,CUST-6EB01D01,314.01,2026-05-09 13:10:05
ORD-18F89083,33,CUST-8508A90E,860.11,2026-05-09 13:10:05
ORD-6F615A0D,7,CUST-9EAFB265,168.72,2026-05-09 13:10:05
ORD-BB1C399B,25,CUST-0A904E0E,3046.11,2026-05-09 13:10:05
ORD-A94F0F5F,15,CUST-A253A8DB,2030.55,2026-05-09 13:10:05
ORD-E0A07BB5,20,CUST-8EF9D599,750.59,2026-05-09 13:10:05
ORD-80EDC50A,16,CUST-F9F3A4B7,2467.75,2026-05-09 13:10:05
ORD-5048AC32,15,CUST-9C892158,1627.18,2026-05-09 13:10:05
ORD-DBD17952,21,CUST-8DA4A150,1775.78,2026-05-09 13:10:05
ORD-D2F540CF,1,CUST-853107D2,686.37,2026-05-09 13:10:05
ORD-5FD3228C,42,CUST-6D588F21,2766.87,2026-05-09 13:10:05
ORD-AFA08D43,42,CUST-82FF2486,679.98,2026-05-09 13:10:05
ORD-36F5B0EE,50,CUST-8CDC000D,4467.4,2026-05-09 13:10:05
ORD-44A4C474,3,CUST-BEB701BE,1846.17,2026-05-09 13:10:05
ORD-8BA925B8,43,CUST-35FF8C6B,3432.45,2026-05-09 13:10:05
ORD-A17B0836,44,CUST-D4CDB550,3115.45,2026-05-09 13:10:05
ORD-56D71126,15,CUST-FB7220D5,1395.52,2026-05-09 13:10:05
ORD-ECB79E7E,31,CUST-63D84A2D,3814.92,2026-05-09 13:10:05
ORD-615C8DE2,3,CUST-2211758F,2083.23,2026-05-09 13:10:05
ORD-9C55F147,40,CUST-C228A437,809.78,2026-05-09 13:10:05
ORD-C0405822,35,CUST-F161AFFD,3919.93,2026-05-09 13:10:05
ORD-8FA9F915,24,CUST-69C15E32,4376.91,2026-05-09 13:10:05
ORD-DC79F893,14,CUST-BEAC6A70,101.28,2026-05-09 13:10:05
ORD-C51AE697,12,CUST-3193BC81,2151.6,2026-05-09 13:10:05
ORD-6B9E8EF4,16,CUST-564DB8FA,54.13,2026-05-09 13:10:05
ORD-B58E5818,41,CUST-7A1ACD88,4669.74,2026-05-09 13:10:05
ORD-439BC44C,40,CUST-BBBC414F,602.92,2026-05-09 13:10:05
ORD-A977607C,5,CUST-BCB8C3A7,4804.45,2026-05-09 13:10:05
ORD-5469633C,20,CUST-ADBD9E05,382.61,2026-05-09 13:10:05
ORD-C8AF7D49,15,CUST-71FAD2B4,2535.96,2026-05-09 13:10:05
ORD-C5EDC141,4,CUST-6191E028,1044.52,2026-05-09 13:10:05
ORD-48521F86,45,CUST-7AAED72D,86.41,2026-05-09 13:10:05
ORD-F7AED132,45,CUST-F558C9A5,1316.15,2026-05-09 13:10:05
ORD-24084057,41,CUST-C11A9A98,4686.04,2026-05-09 13:10:05
ORD-5C865BDE,38,CUST-456C071A,1975.92,2026-05-09 13:10:05
ORD-5CAE099E,18,CUST-D968C5D6,2602.75,2026-05-09 13:10:05
ORD-8B21CC09,42,CUST-EFC18BAA,4170.69,2026-05-09 13:10:05
ORD-8F89F2D2,11,CUST-0D4F71FB,2180.81,2026-05-09 13:10:05
ORD-F02AF6A1,33,CUST-65A51D28,4769.0,2026-05-09 13:10:05
ORD-E300AAAF,49,CUST-C2F771A9,745.34,2026-05-09 13:10:05
ORD-DB77B8C6,8,CUST-FD69037D,3233.77,2026-05-09 13:10:05
ORD-C37CD1C2,45,CUST-29D5B916,1213.98,2026-05-09 13:10:05
ORD-662D458B,37,CUST-B40D5BD4,1781.73,2026-05-09 13:10:05
ORD-3EF8E7A8,24,CUST-27CA493C,3274.04,2026-05-09 13:10:05
ORD-8C4DB9D4,45,CUST-F09581DA,1124.55,2026-05-09 13:10:05
ORD-642DFF11,16,CUST-2A43B6DB,4090.41,2026-05-09 13:10:05
ORD-974A10FB,29,CUST-F13A5FCF,2281.1,2026-05-09 13:10:05
ORD-34D3CB24,47,CUST-6014DF82,2544.76,2026-05-09 13:10:05
ORD-D1605D95,22,CUST-BAEC1B08,2843.52,2026-05-09 13:10:05
ORD-93515B20,48,CUST-FD467602,4781.75,2026-05-09 13:10:05
ORD-AE54B5CF,37,CUST-88486462,2532.29,2026-05-09 13:10:05
ORD-D65CDB5E,43,CUST-F3996511,65.69,2026-05-09 13:10:05
ORD-8974F1AE,33,CUST-03CF5039,1075.46,2026-05-09 13:10:05
ORD-6DEBE103,29,CUST-BCFED56E,3851.33,2026-05-09 13:10:05
ORD-F3A03EFC,15,CUST-D29CAC8B,4536.74,2026-05-09 13:10:05
ORD-7F9DD070,15,CUST-9435A39D,4180.81,2026-05-09 13:10:05
ORD-60B52103,16,CUST-4B1DED6C,3568.39,2026-05-09 13:10:05
ORD-C0F25B2E,16,CUST-80F24734,1946.24,2026-05-09 13:10:05
ORD-925D9E9B,32,CUST-C40E5283,3373.41,2026-05-09 13:10:05
ORD-86799E13,31,CUST-DA96C6B1,1188.85,2026-05-09 13:10:05
ORD-14A3AF3A,12,CUST-AB5942EB,4147.08,2026-05-09 13:10:05
ORD-7DF8B088,23,CUST-D15EE55C,937.12,2026-05-09 13:10:05
ORD-56AB9B60,41,CUST-5BE9CC2E,2750.29,2026-05-09 13:10:05
ORD-7851D08E,39,CUST-EACABFDF,4471.48,2026-05-09 13:10:05
ORD-EE42E371,44,CUST-98045B21,169.45,2026-05-09 13:10:05
ORD-9B146FDA,14,CUST-E9070089,165.41,2026-05-09 13:10:05
ORD-F794EED9,20,CUST-4D20F7CA,1765.47,2026-05-09 13:10:05
ORD-3BFA53EF,6,CUST-F14FB2E4,384.73,2026-05-09 13:10:05
ORD-1AB157F1,9,CUST-F95BCDBD,1641.8,2026-05-09 13:10:05
ORD-05DDF831,30,CUST-D84203DE,92.05,2026-05-09 13:10:05
ORD-BA6C2F8B,46,CUST-EF03675D,4236.1,2026-05-09 13:10:05
ORD-2CACCCC0,20,CUST-C50DEE93,3768.85,2026-05-09 13:10:05
ORD-16732EAD,29,CUST-9098FCFB,4361.16,2026-05-09 13:10:05
ORD-6D984ACF,31,CUST-40EF2809,4219.44,2026-05-09 13:10:05
ORD-FFE46CEA,35,CUST-ED51DBD8,1921.47,2026-05-09 13:10:05
ORD-0D16DED2,19,CUST-92DDE0F0,2552.85,2026-05-09 13:10:05
ORD-1AD4A1FC,39,CUST-778FD53B,3853.17,2026-05-09 13:10:05
ORD-723F70CF,13,CUST-9704FF09,3712.82,2026-05-09 13:10:05
ORD-E4974A27,25,CUST-9717AB77,4344.72,2026-05-09 13:10:05
ORD-44800DA7,27,CUST-7DA1C5FC,411.5,2026-05-09 13:10:05
ORD-2906337B,42,CUST-28196751,2179.26,2026-05-09 13:10:05
ORD-2C0C4279,9,CUST-B5FB54A1,3290.97,2026-05-09 13:10:05
